,fold
0,4
1,1
2,0
3,0
4,1
5,0
6,1
7,1
8,3
9,4
10,4
11,3
12,3
13,4
14,0
15,2
16,3
17,4
18,4
19,4
20,1
21,0
22,2
23,0
24,2
25,4
26,0
27,1
28,0
29,4
30,1
31,0
32,2
33,3
34,4
35,4
36,4
37,4
38,1
39,3
40,4
41,1
42,2
43,0
44,0
45,1
46,1
47,2
48,1
49,0
50,1
51,2
52,1
53,3
54,4
55,1
56,0
57,2
58,4
59,3
60,4
61,3
62,2
63,3
64,0
65,1
66,2
67,4
68,1
69,4
70,3
71,4
72,3
73,3
74,3
75,0
76,0
77,0
78,0
79,2
80,2
81,0
82,4
83,0
84,0
85,1
86,0
87,1
88,3
89,2
90,3
91,1
92,2
93,1
94,2
95,3
96,0
97,3
98,4
99,1
100,3
101,0
102,4
103,2
104,1
105,3
106,0
107,2
108,0
109,0
110,0
111,4
112,3
113,4
114,2
115,2
116,1
117,4
118,3
119,2
120,0
121,3
122,0
123,4
124,2
125,0
126,4
127,4
128,2
129,4
130,3
131,3
132,0
133,0
134,2
135,3
136,2
137,1
138,2
139,0
140,0
141,0
142,4
143,1
144,1
145,1
146,2
147,3
148,1
149,0
150,1
151,4
152,3
153,3
154,0
155,3
156,1
157,2
158,3
159,2
160,4
161,4
162,0
163,4
164,1
165,0
166,3
167,3
168,3
169,2
170,1
171,0
172,0
173,4
174,4
175,0
176,3
177,0
178,3
179,0
180,3
181,0
182,4
183,4
184,4
185,2
186,2
187,2
188,1
189,1
190,0
191,0
192,3
193,4
194,3
195,3
196,1
197,4
198,4
199,1
200,0
201,4
202,0
203,3
204,3
205,1
206,1
207,2
208,0
209,2
210,1
211,2
212,4
213,1
214,4
215,1
216,4
217,3
218,4
219,3
220,2
221,2
222,0
223,2
224,1
225,2
226,0
227,3
228,4
229,1
230,1
231,0
232,2
233,3
234,4
235,0
236,3
237,0
238,1
239,1
240,4
241,3
242,4
243,2
244,1
245,4
246,0
247,1
248,0
249,0
250,3
251,3
252,2
253,3
254,4
255,4
256,0
257,0
258,1
259,4
260,3
261,1
262,1
263,3
264,0
265,1
266,1
267,2
268,3
269,1
270,0
271,0
272,1
273,3
274,4
275,1
276,2
277,2
278,2
279,0
280,2
281,2
282,0
283,0
284,4
285,2
286,1
287,3
288,3
289,1
290,0
291,3
292,2
293,0
294,0
295,4
296,4
297,1
298,0
299,3
300,2
301,2
302,1
303,0
304,3
305,2
306,3
307,2
308,4
309,3
310,2
311,2
312,4
313,4
314,4
315,0
316,4
317,2
318,0
319,1
320,3
321,4
322,1
323,3
324,4
325,2
326,0
327,3
328,0
329,0
330,4
331,4
332,4
333,2
334,1
335,0
336,1
337,3
338,1
339,4
340,2
341,3
342,1
343,1
344,0
345,4
346,2
347,2
348,2
349,2
350,4
351,0
352,0
353,1
354,0
355,0
356,2
357,1
358,3
359,4
360,2
361,1
362,3
363,2
364,0
365,1
366,0
367,1
368,0
369,0
370,0
371,2
372,3
373,1
374,2
375,2
376,1
377,0
378,2
379,3
380,4
381,3
382,0
383,1
384,0
385,0
386,2
387,3
388,4
389,0
390,2
391,2
392,2
393,3
394,0
395,4
396,0
397,4
398,0
399,3
400,4
401,3
402,0
403,4
404,2
405,2
406,2
407,4
408,4
409,1
410,1
411,1
412,0
413,4
414,4
415,3
416,1
417,3
418,1
419,1
420,1
421,1
422,0
423,2
424,3
425,2
426,1
427,3
428,0
429,2
430,2
431,0
432,2
433,3
434,0
435,3
436,1
437,0
438,0
439,2
440,2
441,3
442,1
443,1
444,0
445,2
446,0
447,3
448,4
449,3
450,1
451,1
452,0
453,0
454,0
455,0
456,1
457,3
458,2
459,3
460,3
461,0
462,1
463,2
464,3
465,0
466,1
467,0
468,2
469,3
470,3
471,0
472,2
473,3
474,2
475,3
476,1
477,2
478,3
479,1
480,4
481,4
482,1
483,2
484,0
485,4
486,3
487,4
488,2
489,4
490,0
491,2
492,1
493,3
494,0
495,2
496,1
497,2
498,4
499,2
500,1
501,4
502,4
503,1
504,4
505,1
506,4
507,1
508,2
509,1
510,4
511,0
512,1
513,0
514,1
515,3
516,3
517,2
518,4
519,4
520,1
521,1
522,0
523,2
524,1
525,2
526,1
527,4
528,3
529,1
530,0
531,0
532,3
533,4
534,4
535,0
536,4
537,1
538,3
539,1
540,2
541,4
542,4
543,0
544,4
545,2
546,2
547,1
548,4
549,0
550,2
551,1
552,0
553,1
554,4
555,3
556,2
557,1
558,1
559,0
560,2
561,0
562,3
563,0
564,2
565,3
566,0
567,1
568,0
569,1
570,2
571,2
572,3
573,2
574,0
575,1
576,1
577,3
578,0
579,0
580,2
581,2
582,4
583,4
584,1
585,0
586,4
587,2
588,4
589,0
590,1
591,4
592,0
593,1
594,0
595,2
596,1
597,4
598,1
599,0
600,3
601,1
602,0
603,4
604,4
605,3
606,3
607,2
608,4
609,1
610,0
611,2
612,2
613,0
614,0
615,2
616,4
617,3
618,4
619,2
620,4
621,1
622,3
623,1
624,2
625,1
626,4
627,3
628,4
629,3
630,3
631,2
632,3
633,2
634,0
635,2
636,2
637,2
638,0
639,0
640,1
641,3
642,0
643,4
644,4
645,0
646,1
647,2
648,2
649,3
650,4
651,4
652,2
653,3
654,0
655,4
656,3
657,4
658,1
659,0
660,3
661,2
662,3
663,2
664,2
665,0
666,2
667,1
668,1
669,4
670,0
671,3
672,2
673,0
674,3
675,1
676,1
677,2
678,3
679,0
680,4
681,1
682,0
683,0
684,4
685,2
686,4
687,2
688,0
689,4
690,3
691,4
692,0
693,4
694,2
695,1
696,3
697,4
698,2
699,4
700,3
701,2
702,0
703,2
704,0
705,0
706,3
707,2
708,4
709,1
710,3
711,4
712,0
713,2
714,2
715,3
716,4
717,1
718,0
719,1
720,4
721,4
722,0
723,3
724,0
725,3
726,3
727,2
728,4
729,4
730,2
731,0
732,0
733,0
734,4
735,1
736,0
737,0
738,2
739,2
740,4
741,1
742,3
743,0
744,0
745,4
746,4
747,4
748,0
749,1
750,3
751,2
752,2
753,3
754,2
755,3
756,4
757,1
758,0
759,4
760,4
761,2
762,3
763,1
764,4
765,4
766,2
767,3
768,2
769,0
770,3
771,2
772,0
773,4
774,0
775,4
776,4
777,2
778,0
779,2
780,0
781,3
782,1
783,0
784,3
785,1
786,1
787,4
788,0
789,1
790,3
791,2
792,3
793,2
794,4
795,4
796,3
797,0
798,1
799,1
800,3
801,4
802,2
803,1
804,0
805,0
806,0
807,0
808,1
809,0
810,1
811,2
812,1
813,1
814,2
815,2
816,4
817,2
818,4
819,3
820,4
821,2
822,2
823,3
824,1
825,0
826,0
827,2
828,1
829,2
830,2
831,1
832,0
833,1
834,4
835,0
836,2
837,4
838,1
839,0
840,3
841,0
842,4
843,0
844,4
845,2
846,0
847,0
848,1
849,0
850,3
851,1
852,4
853,4
854,0
855,0
856,1
857,2
858,1
859,1
860,3
861,3
862,0
863,3
864,2
865,0
866,3
867,1
868,2
869,0
870,0
871,1
872,2
873,0
874,0
875,0
876,0
877,1
878,1
879,3
880,4
881,1
882,1
883,2
884,1
885,3
886,3
887,4
888,0
889,2
890,0
891,4
892,2
893,3
894,3
895,0
896,0
897,4
898,4
899,3
900,2
901,1
902,2
903,1
904,1
905,3
906,4
907,1
908,4
909,3
910,1
911,1
912,4
913,0
914,4
915,1
916,0
917,2
918,2
919,0
920,4
921,0
922,2
923,3
924,2
925,0
926,2
927,4
928,2
929,2
930,2
931,2
932,3
933,3
934,0
935,1
936,0
937,0
938,0
939,0
940,1
941,1
942,1
943,1
944,2
945,2
946,1
947,4
948,4
949,2
950,4
951,0
952,3
953,2
954,1
955,0
956,0
957,4
958,0
959,1
960,1
961,1
962,0
963,1
964,4
965,4
966,1
967,3
968,0
969,1
970,4
971,3
972,1
973,2
974,0
975,3
976,1
977,4
978,1
979,1
980,1
981,4
982,4
983,2
984,3
985,2
986,2
987,0
988,2
989,3
990,2
991,3
992,3
993,4
994,1
995,1
996,2
997,3
998,3
999,1
1000,2
1001,1
1002,0
1003,3
1004,2
1005,1
1006,0
1007,1
1008,2
1009,0
1010,3
1011,1
1012,1
1013,0
1014,4
1015,0
1016,3
1017,1
1018,1
1019,3
1020,4
1021,4
1022,4
1023,1
1024,1
1025,0
1026,3
1027,3
1028,4
1029,1
1030,1
1031,1
1032,1
1033,0
1034,4
1035,4
1036,3
1037,2
1038,0
1039,1
1040,3
1041,1
1042,1
1043,3
1044,1
1045,2
1046,2
1047,4
1048,4
1049,3
1050,2
1051,3
1052,4
1053,1
1054,4
1055,2
1056,2
1057,0
1058,1
1059,3
1060,2
1061,1
1062,4
1063,4
1064,4
1065,4
1066,3
1067,2
1068,3
1069,3
1070,3
1071,3
1072,0
1073,2
1074,4
1075,2
1076,4
1077,3
1078,1
1079,4
1080,4
1081,1
1082,2
1083,1
1084,4
1085,0
1086,0
1087,3
1088,4
1089,4
1090,0
1091,2
1092,4
1093,1
1094,3
1095,3
1096,3
1097,0
1098,2
1099,2
1100,3
1101,2
1102,4
1103,0
1104,1
1105,4
1106,1
1107,2
1108,4
1109,1
1110,2
1111,2
1112,2
1113,2
1114,4
1115,4
1116,0
1117,0
1118,4
1119,0
1120,3
1121,4
1122,0
1123,2
1124,3
1125,1
1126,2
1127,2
1128,1
1129,0
1130,0
1131,4
1132,2
1133,4
1134,0
1135,0
1136,4
1137,1
1138,4
1139,3
1140,0
1141,2
1142,0
1143,3
1144,2
1145,4
1146,2
1147,4
1148,2
1149,4
1150,0
1151,0
1152,1
1153,3
1154,2
1155,2
1156,4
1157,1
1158,4
1159,3
1160,3
1161,0
1162,2
1163,1
1164,0
1165,0
1166,4
1167,0
1168,3
1169,2
1170,2
1171,2
1172,1
1173,0
1174,2
1175,2
1176,2
1177,1
1178,1
1179,1
1180,1
1181,0
1182,4
1183,4
1184,2
1185,0
1186,4
1187,3
1188,4
1189,3
1190,3
1191,3
1192,3
1193,4
1194,4
1195,4
1196,3
1197,1
1198,2
1199,0
1200,3
1201,1
1202,0
1203,3
1204,3
1205,3
1206,3
1207,3
1208,0
1209,1
1210,1
1211,1
1212,4
1213,4
1214,2
1215,4
1216,3
1217,4
1218,2
1219,0
1220,0
1221,2
1222,4
1223,4
1224,4
1225,0
1226,2
1227,4
1228,4
1229,2
1230,2
1231,3
1232,3
1233,0
1234,4
1235,4
1236,1
1237,1
1238,0
1239,1
1240,3
1241,4
1242,3
1243,2
1244,0
1245,3
1246,0
1247,0
1248,3
1249,3
1250,2
1251,1
1252,2
1253,0
1254,4
1255,1
1256,0
1257,2
1258,2
1259,3
1260,1
1261,4
1262,2
1263,0
1264,3
1265,1
1266,1
1267,1
1268,0
1269,1
1270,1
1271,4
1272,1
1273,2
1274,4
1275,0
1276,1
1277,0
1278,4
1279,1
1280,0
1281,2
1282,0
1283,4
1284,2
1285,0
1286,0
1287,2
1288,0
1289,3
1290,1
1291,0
1292,4
1293,0
1294,4
1295,3
1296,3
1297,3
1298,1
1299,4
1300,0
1301,4
1302,4
1303,0
1304,3
1305,0
1306,2
1307,3
1308,0
1309,1
1310,1
1311,3
1312,1
1313,0
1314,3
1315,2
1316,3
1317,2
1318,0
1319,3
1320,1
1321,4
1322,2
1323,0
1324,2
1325,4
1326,4
1327,4
1328,1
1329,1
1330,2
1331,2
1332,2
1333,0
1334,1
1335,2
1336,1
1337,4
1338,3
1339,2
1340,3
1341,3
1342,3
1343,1
1344,1
1345,0
1346,4
1347,1
1348,3
1349,3
1350,1
1351,3
1352,2
1353,3
1354,4
1355,3
1356,4
1357,1
1358,3
1359,1
1360,0
1361,2
1362,2
1363,2
1364,4
1365,1
1366,4
1367,0
1368,0
1369,1
1370,2
1371,3
1372,1
1373,3
1374,1
1375,2
1376,3
1377,1
1378,4
1379,1
1380,0
1381,1
1382,0
1383,2
1384,4
1385,3
1386,1
1387,2
1388,1
1389,1
1390,1
1391,2
1392,2
1393,3
1394,4
1395,0
1396,0
1397,4
1398,4
1399,0
1400,1
1401,1
1402,2
1403,2
1404,3
1405,0
1406,1
1407,4
1408,2
1409,2
1410,2
1411,2
1412,3
1413,2
1414,1
1415,4
1416,1
1417,3
1418,1
1419,0
1420,4
1421,3
1422,4
1423,4
1424,1
1425,0
1426,4
1427,3
1428,1
1429,0
1430,1
1431,1
1432,0
1433,3
1434,0
1435,2
1436,1
1437,0
1438,3
1439,3
1440,0
1441,1
1442,3
1443,1
1444,3
1445,2
1446,1
1447,3
1448,2
1449,3
1450,3
1451,3
1452,3
1453,2
1454,1
1455,3
1456,0
1457,3
1458,0
1459,0
1460,0
1461,3
1462,4
1463,2
1464,1
1465,2
1466,2
1467,3
1468,4
1469,3
1470,1
1471,0
1472,3
1473,4
1474,3
1475,3
1476,1
1477,2
1478,4
1479,0
1480,4
1481,3
1482,3
1483,1
1484,3
1485,2
1486,0
1487,3
1488,2
1489,0
1490,3
1491,4
1492,2
1493,3
1494,4
1495,2
1496,3
1497,3
1498,1
1499,1
1500,1
1501,2
1502,0
1503,4
1504,1
1505,3
1506,0
1507,4
1508,4
1509,3
1510,0
1511,0
1512,4
1513,0
1514,2
1515,4
1516,3
1517,3
1518,3
1519,3
1520,2
1521,4
1522,4
1523,0
1524,1
1525,1
1526,2
1527,1
1528,4
1529,2
1530,3
1531,4
1532,3
1533,1
1534,0
1535,0
1536,0
1537,1
1538,4
1539,3
1540,0
1541,2
1542,0
1543,1
1544,2
1545,4
1546,3
1547,2
1548,2
1549,4
1550,1
1551,4
1552,1
1553,2
1554,3
1555,2
1556,4
1557,2
1558,2
1559,0
1560,2
1561,3
1562,4
1563,0
1564,4
1565,2
1566,4
1567,1
1568,1
1569,3
1570,3
1571,0
1572,0
1573,3
1574,4
1575,0
1576,0
1577,0
1578,4
1579,1
1580,4
1581,3
1582,4
1583,2
1584,0
1585,1
1586,4
1587,4
1588,1
1589,0
1590,3
1591,1
1592,4
1593,1
1594,0
1595,0
1596,4
1597,2
1598,0
1599,2
1600,0
1601,2
1602,4
1603,4
1604,1
1605,1
1606,2
1607,0
1608,3
1609,1
1610,1
1611,4
1612,4
1613,0
1614,2
1615,3
1616,4
1617,3
1618,3
1619,3
1620,2
1621,0
1622,0
1623,2
1624,2
1625,2
1626,1
1627,4
1628,1
1629,3
1630,0
1631,1
1632,1
1633,4
1634,0
1635,4
1636,2
1637,1
1638,2
1639,1
1640,1
1641,2
1642,2
1643,0
1644,4
1645,1
1646,2
1647,1
1648,1
1649,3
1650,3
1651,1
1652,3
1653,4
1654,1
1655,4
1656,4
1657,3
1658,4
1659,3
1660,4
1661,0
1662,2
1663,3
1664,4
1665,4
1666,3
1667,1
1668,3
1669,3
1670,0
1671,2
1672,1
1673,3
1674,1
1675,3
1676,2
1677,2
1678,1
1679,1
1680,1
1681,3
1682,1
1683,3
1684,3
1685,1
1686,4
1687,1
1688,4
1689,0
1690,2
1691,0
1692,1
1693,2
1694,3
1695,4
1696,1
1697,0
1698,2
1699,3
1700,1
1701,4
1702,4
1703,4
1704,4
1705,3
1706,0
1707,4
1708,2
1709,3
1710,1
1711,1
1712,2
1713,3
1714,0
1715,2
1716,2
1717,2
1718,3
1719,3
1720,4
1721,1
1722,4
1723,1
1724,2
1725,0
1726,2
1727,0
1728,4
1729,1
1730,4
1731,3
1732,0
1733,0
1734,2
1735,1
1736,2
1737,1
1738,4
1739,2
1740,4
1741,4
1742,4
1743,1
1744,0
1745,3
1746,0
1747,0
1748,0
1749,0
1750,0
1751,1
1752,1
1753,4
1754,3
1755,0
1756,4
1757,4
1758,3
1759,1
1760,3
1761,0
1762,1
1763,3
1764,0
1765,3
1766,2
1767,2
1768,4
1769,4
1770,2
1771,3
1772,4
1773,4
1774,0
1775,0
1776,1
1777,1
1778,0
1779,1
1780,0
1781,3
1782,2
1783,1
1784,2
1785,3
1786,1
1787,3
1788,3
1789,1
1790,1
1791,3
1792,2
1793,2
1794,4
1795,0
1796,2
1797,1
1798,2
1799,0
1800,0
1801,4
1802,1
1803,2
1804,0
1805,1
1806,0
1807,0
1808,4
1809,2
1810,3
1811,2
1812,2
1813,4
1814,3
1815,4
1816,4
1817,1
1818,0
1819,4
1820,2
1821,1
1822,3
1823,3
1824,4
1825,4
1826,4
1827,1
1828,4
1829,2
1830,1
1831,3
1832,4
1833,1
1834,1
1835,4
1836,3
1837,3
1838,4
1839,1
1840,4
1841,2
1842,4
1843,2
1844,0
1845,3
1846,1
1847,4
1848,0
1849,2
1850,0
1851,1
1852,2
1853,2
1854,1
1855,0
1856,4
1857,3
1858,0
1859,0
1860,2
1861,1
1862,3
1863,1
1864,3
1865,1
1866,2
1867,0
1868,2
1869,0
1870,0
1871,0
1872,2
1873,3
1874,3
1875,3
1876,2
1877,0
1878,2
1879,2
1880,3
1881,2
1882,0
1883,0
1884,2
1885,4
1886,4
1887,4
1888,0
1889,3
1890,2
1891,2
1892,4
1893,0
1894,4
1895,2
1896,3
1897,1
1898,1
1899,1
1900,1
1901,0
1902,0
1903,2
1904,3
1905,0
1906,2
1907,2
1908,2
1909,1
1910,3
1911,2
1912,0
1913,0
1914,4
1915,4
1916,2
1917,2
1918,1
1919,4
1920,0
1921,1
1922,3
1923,3
1924,2
1925,3
1926,4
1927,3
1928,0
1929,1
1930,4
1931,0
1932,1
1933,2
1934,0
1935,1
1936,1
1937,0
1938,2
1939,0
1940,3
1941,2
1942,2
1943,3
1944,0
1945,2
1946,1
1947,2
1948,3
1949,4
1950,1
1951,2
1952,1
1953,0
1954,3
1955,3
1956,0
1957,1
1958,0
1959,2
1960,2
1961,3
1962,2
1963,2
1964,1
1965,3
1966,1
1967,4
1968,0
1969,3
1970,1
1971,0
1972,4
1973,0
1974,2
1975,4
1976,2
1977,4
1978,0
1979,4
1980,4
1981,1
1982,3
1983,2
1984,0
1985,3
1986,1
1987,3
1988,2
1989,2
1990,4
1991,2
1992,2
1993,3
1994,4
1995,1
1996,4
1997,3
1998,4
1999,0
2000,0
2001,3
2002,0
2003,4
2004,2
2005,4
2006,4
2007,2
2008,4
2009,1
2010,4
2011,4
2012,1
2013,0
2014,0
2015,3
2016,3
2017,2
2018,1
2019,2
2020,2
2021,3
2022,4
2023,4
2024,3
2025,2
2026,4
2027,1
2028,0
2029,4
2030,1
2031,2
2032,4
2033,2
2034,4
2035,0
2036,1
2037,0
2038,3
2039,3
2040,3
2041,0
2042,0
2043,1
2044,4
2045,4
2046,1
2047,0
2048,1
2049,1
2050,3
2051,0
2052,2
2053,2
2054,2
2055,0
2056,4
2057,0
2058,3
2059,3
2060,1
2061,4
2062,0
2063,0
2064,2
2065,1
2066,0
2067,4
2068,2
2069,4
2070,0
2071,1
2072,1
2073,0
2074,3
2075,3
2076,4
2077,0
2078,4
2079,4
2080,1
2081,0
2082,0
2083,2
2084,3
2085,3
2086,4
2087,1
2088,2
2089,0
2090,1
2091,1
2092,0
2093,4
2094,1
2095,4
2096,3
2097,4
2098,1
2099,2
2100,3
2101,1
2102,4
2103,4
2104,3
2105,1
2106,1
2107,4
2108,4
2109,4
2110,3
2111,1
2112,0
2113,3
2114,3
2115,3
2116,3
2117,0
2118,4
2119,2
2120,3
2121,1
2122,2
2123,4
2124,1
2125,2
2126,4
2127,0
2128,2
2129,2
2130,1
2131,4
2132,2
2133,4
2134,3
2135,3
2136,3
2137,3
2138,1
2139,2
2140,3
2141,1
2142,0
2143,2
2144,1
2145,0
2146,0
2147,3
2148,0
2149,2
2150,1
2151,3
2152,4
2153,3
2154,1
2155,3
2156,2
2157,0
2158,2
2159,2
2160,2
2161,3
2162,3
2163,2
2164,1
2165,3
2166,2
2167,1
2168,4
2169,1
2170,2
2171,4
2172,0
2173,4
2174,2
2175,0
2176,2
2177,1
2178,4
2179,4
2180,4
2181,0
2182,2
2183,3
2184,0
2185,1
2186,2
2187,2
2188,3
2189,2
2190,2
2191,2
2192,1
2193,2
2194,2
2195,3
2196,4
2197,2
2198,2
2199,3
2200,3
2201,2
2202,0
2203,3
2204,1
2205,4
2206,4
2207,3
2208,4
2209,1
2210,1
2211,0
2212,0
2213,1
2214,0
2215,3
2216,3
2217,4
2218,1
2219,2
2220,3
2221,0
2222,1
2223,1
2224,1
2225,1
2226,2
2227,2
2228,0
2229,2
2230,1
2231,0
2232,2
2233,3
2234,1
2235,0
2236,4
2237,3
2238,3
2239,0
2240,2
2241,4
2242,3
2243,1
2244,1
2245,3
2246,3
2247,2
2248,3
2249,2
2250,0
2251,4
2252,4
2253,1
2254,0
2255,0
2256,4
2257,0
2258,2
2259,2
2260,3
2261,3
2262,2
2263,3
2264,2
2265,0
2266,4
2267,2
2268,4
2269,4
2270,4
2271,3
2272,2
2273,4
2274,1
2275,4
2276,0
2277,3
2278,0
2279,3
2280,4
2281,0
2282,1
2283,2
2284,4
2285,2
2286,1
2287,0
2288,3
2289,3
2290,2
2291,3
2292,0
2293,3
2294,0
2295,2
2296,2
2297,3
2298,1
2299,4
2300,4
2301,3
2302,1
2303,4
2304,1
2305,4
2306,2
2307,1
2308,4
2309,0
2310,0
2311,4
2312,0
2313,0
2314,4
2315,1
2316,3
2317,2
2318,1
2319,0
2320,2
2321,3
2322,4
2323,3
2324,0
2325,1
2326,2
2327,4
2328,0
2329,1
2330,0
2331,1
2332,3
2333,0
2334,2
2335,2
2336,3
2337,1
2338,4
2339,4
2340,3
2341,4
2342,0
2343,2
2344,3
2345,1
2346,4
2347,3
2348,1
2349,4
2350,4
2351,2
2352,1
2353,4
2354,4
2355,3
2356,2
2357,3
2358,4
2359,4
2360,2
2361,2
2362,1
2363,2
2364,0
2365,0
2366,2
2367,3
2368,0
2369,1
2370,1
2371,0
2372,3
2373,0
2374,4
2375,3
2376,3
2377,1
2378,2
2379,4
2380,2
2381,1
2382,3
2383,1
2384,3
2385,0
2386,0
2387,2
2388,1
2389,0
2390,3
2391,0
2392,2
2393,1
2394,2
2395,1
2396,4
2397,2
2398,2
2399,3
2400,1
2401,4
2402,4
2403,2
2404,4
2405,2
2406,2
2407,3
2408,3
2409,0
2410,1
2411,1
2412,2
2413,1
2414,4
2415,2
2416,4
2417,2
2418,3
2419,0
2420,3
2421,0
2422,0
2423,1
2424,0
2425,3
2426,0
2427,3
2428,1
2429,0
2430,4
2431,4
2432,3
2433,2
2434,4
2435,4
2436,4
2437,3
2438,1
2439,2
2440,4
2441,0
2442,4
2443,0
2444,0
2445,1
2446,4
2447,4
2448,0
2449,1
2450,2
2451,4
2452,4
2453,2
2454,2
2455,1
2456,2
2457,3
2458,3
2459,3
2460,0
2461,3
2462,1
2463,1
2464,1
2465,2
2466,4
2467,4
2468,0
2469,4
2470,0
2471,3
2472,2
2473,1
2474,2
2475,1
2476,3
2477,0
2478,1
2479,0
2480,3
2481,4
2482,4
2483,2
2484,2
2485,2
2486,2
2487,2
2488,3
2489,3
2490,2
2491,3
2492,4
2493,4
2494,0
2495,0
2496,4
2497,4
2498,4
2499,3
2500,0
2501,3
2502,4
2503,3
2504,1
2505,1
2506,3
2507,1
2508,1
2509,1
2510,4
2511,3
2512,1
2513,2
2514,1
2515,3
2516,4
2517,2
2518,0
2519,0
2520,2
2521,1
2522,2
2523,1
2524,1
2525,3
2526,0
2527,0
2528,1
2529,3
2530,1
2531,3
2532,1
2533,1
2534,1
2535,0
2536,1
2537,0
2538,2
2539,2
2540,0
2541,4
2542,3
2543,2
2544,2
2545,2
2546,3
2547,0
2548,3
2549,4
2550,2
2551,4
2552,2
2553,2
2554,1
2555,4
2556,3
2557,2
2558,3
2559,2
2560,1
2561,3
2562,2
2563,3
2564,2
2565,1
2566,2
2567,0
2568,2
2569,4
2570,0
2571,3
2572,0
2573,3
2574,0
2575,4
2576,4
2577,4
2578,2
2579,3
2580,4
2581,1
2582,0
2583,2
2584,4
2585,4
2586,2
2587,1
2588,4
2589,3
2590,4
2591,4
2592,1
2593,4
2594,3
2595,2
2596,2
2597,4
2598,0
2599,0
2600,0
2601,4
2602,1
2603,0
2604,3
2605,0
2606,1
2607,4
2608,0
2609,2
2610,2
2611,2
2612,0
2613,3
2614,3
2615,0
2616,2
2617,1
2618,2
2619,2
2620,0
2621,1
2622,4
2623,3
2624,0
2625,1
2626,1
2627,3
2628,2
2629,2
2630,4
2631,4
2632,2
2633,3
2634,3
2635,3
2636,1
2637,3
2638,3
2639,0
2640,3
2641,2
2642,0
2643,1
2644,1
2645,3
2646,1
2647,4
2648,3
2649,0
2650,3
2651,3
2652,1
2653,2
2654,3
2655,4
2656,4
2657,0
2658,0
2659,0
2660,3
2661,4
2662,3
2663,0
2664,4
2665,4
2666,0
2667,4
2668,2
2669,1
2670,1
2671,2
2672,3
2673,1
2674,1
2675,3
2676,4
2677,3
2678,1
2679,4
2680,3
2681,0
2682,1
2683,2
2684,3
2685,4
2686,4
2687,4
2688,4
2689,1
2690,4
2691,1
2692,1
2693,0
2694,2
2695,4
2696,3
2697,2
2698,1
2699,1
2700,0
2701,3
2702,1
2703,2
2704,2
2705,0
2706,1
2707,1
2708,3
2709,3
2710,3
2711,2
2712,3
2713,3
2714,2
2715,2
2716,2
2717,0
2718,2
2719,0
2720,2
2721,4
2722,4
2723,2
2724,1
2725,3
2726,2
2727,2
2728,2
2729,4
2730,1
2731,2
2732,4
2733,2
2734,3
2735,0
2736,4
2737,4
2738,3
2739,2
2740,0
2741,2
2742,1
2743,1
2744,1
2745,0
2746,2
2747,3
2748,0
2749,3
2750,1
2751,3
2752,2
2753,3
2754,0
2755,3
2756,2
2757,2
2758,1
2759,4
2760,1
2761,0
2762,1
2763,2
2764,1
2765,3
2766,2
2767,1
2768,2
2769,0
2770,3
2771,1
2772,0
2773,1
2774,3
2775,2
2776,1
2777,3
2778,1
2779,0
2780,3
2781,0
2782,4
2783,0
2784,1
2785,4
2786,3
2787,2
2788,4
2789,1
2790,1
2791,4
2792,4
2793,3
2794,3
2795,2
2796,1
2797,2
2798,2
2799,0
2800,0
2801,4
2802,1
2803,2
2804,1
2805,4
2806,3
2807,4
2808,0
2809,4
2810,4
2811,1
2812,0
2813,2
2814,1
2815,1
2816,3
2817,2
2818,2
2819,4
2820,1
2821,4
2822,0
2823,4
2824,2
2825,2
2826,1
2827,4
2828,2
2829,1
2830,4
2831,4
2832,3
2833,2
2834,1
2835,0
2836,3
2837,1
2838,2
2839,2
2840,2
2841,1
2842,1
2843,2
2844,0
2845,2
2846,4
2847,2
2848,3
2849,1
2850,2
2851,1
2852,2
2853,0
2854,0
2855,0
2856,1
2857,4
2858,1
2859,1
2860,2
2861,3
2862,3
2863,2
2864,3
2865,3
2866,4
2867,4
2868,3
2869,2
2870,0
2871,1
2872,1
2873,2
2874,2
2875,3
2876,0
2877,0
2878,3
2879,4
2880,1
2881,2
2882,3
2883,0
2884,2
2885,3
2886,1
2887,3
2888,3
2889,3
2890,0
2891,2
2892,0
2893,0
2894,3
2895,0
2896,4
2897,1
2898,0
2899,1
2900,3
2901,2
2902,0
2903,3
2904,2
2905,2
2906,1
2907,1
2908,1
2909,0
2910,0
2911,4
2912,2
2913,1
2914,3
2915,2
2916,4
2917,4
2918,0
2919,2
2920,4
2921,4
2922,2
2923,4
2924,0
2925,2
2926,3
2927,2
2928,1
2929,4
2930,0
2931,1
2932,4
2933,2
2934,0
2935,4
2936,0
2937,2
2938,2
2939,1
2940,4
2941,0
2942,0
2943,0
2944,2
2945,0
2946,3
2947,4
2948,0
2949,3
2950,4
2951,1
2952,0
2953,2
2954,0
2955,2
2956,2
2957,4
2958,0
2959,3
2960,3
2961,0
2962,2
2963,1
2964,1
2965,2
2966,2
2967,1
2968,2
2969,3
2970,1
2971,0
2972,3
2973,1
2974,0
2975,2
2976,1
2977,0
2978,1
2979,0
2980,0
2981,4
2982,0
2983,2
2984,3
2985,0
2986,2
2987,0
2988,2
2989,3
2990,4
2991,4
2992,3
2993,1
2994,3
2995,3
2996,2
2997,2
2998,1
2999,4
3000,4
3001,2
3002,2
3003,0
3004,4
3005,4
3006,2
3007,0
3008,4
3009,0
3010,3
3011,2
3012,3
3013,4
3014,1
3015,0
3016,2
3017,0
3018,0
3019,2
3020,2
3021,3
3022,3
3023,2
3024,2
3025,4
3026,4
3027,1
3028,2
3029,0
3030,4
3031,2
3032,3
3033,3
3034,3
3035,4
3036,0
3037,1
3038,2
3039,0
3040,4
3041,1
3042,3
3043,0
3044,0
3045,3
3046,3
3047,4
3048,2
3049,0
3050,4
3051,2
3052,2
3053,3
3054,1
3055,3
3056,4
3057,2
3058,3
3059,4
3060,3
3061,1
3062,2
3063,0
3064,0
3065,1
3066,0
3067,3
3068,0
3069,4
3070,3
3071,4
3072,2
3073,4
3074,3
3075,4
3076,2
3077,4
3078,2
3079,4
3080,4
3081,1
3082,3
3083,4
3084,0
3085,0
3086,1
3087,1
3088,4
3089,2
3090,3
3091,4
3092,0
3093,2
3094,3
3095,2
3096,1
3097,0
3098,4
3099,0
3100,4
3101,3
3102,1
3103,4
3104,4
3105,1
3106,2
3107,1
3108,4
3109,0
3110,3
3111,1
3112,0
3113,2
3114,1
3115,2
3116,1
3117,3
3118,2
3119,3
3120,1
3121,1
3122,3
3123,4
3124,0
3125,3
3126,0
3127,2
3128,3
3129,1
3130,1
3131,2
3132,1
3133,3
3134,1
3135,1
3136,3
3137,1
3138,3
3139,3
3140,4
3141,0
3142,2
3143,1
3144,3
3145,4
3146,2
3147,3
3148,2
3149,2
3150,1
3151,3
3152,1
3153,4
3154,1
3155,3
3156,3
3157,0
3158,3
3159,0
3160,0
3161,4
3162,3
3163,2
3164,3
3165,0
3166,1
3167,1
3168,3
3169,3
3170,4
3171,3
3172,1
3173,0
3174,4
3175,3
3176,4
3177,0
3178,1
3179,2
3180,2
3181,1
3182,0
3183,1
3184,1
3185,3
3186,4
3187,0
3188,1
3189,1
3190,1
3191,1
3192,0
3193,4
3194,0
3195,3
3196,0
3197,2
3198,4
3199,2
3200,4
3201,3
3202,2
3203,4
3204,1
3205,2
3206,0
3207,1
3208,2
3209,0
3210,2
3211,3
3212,0
3213,1
3214,4
3215,4
3216,0
3217,3
3218,2
3219,3
3220,4
3221,4
3222,4
3223,1
3224,3
3225,3
3226,1
3227,2
3228,3
3229,4
3230,4
3231,4
3232,2
3233,4
3234,4
3235,2
3236,1
3237,1
3238,3
3239,4
3240,4
3241,2
3242,2
3243,2
3244,1
3245,4
3246,2
3247,2
3248,2
3249,3
3250,2
3251,1
3252,4
3253,1
3254,3
3255,1
3256,4
3257,1
3258,4
3259,2
3260,0
3261,4
3262,0
3263,1
3264,3
3265,1
3266,0
3267,3
3268,1
3269,2
3270,1
3271,0
3272,1
3273,1
3274,3
3275,1
3276,3
3277,1
3278,0
3279,1
3280,2
3281,0
3282,0
3283,4
3284,1
3285,3
3286,1
3287,0
3288,3
3289,1
3290,4
3291,4
3292,4
3293,3
3294,3
3295,1
3296,1
3297,4
3298,1
3299,2
3300,1
3301,3
3302,0
3303,3
3304,2
3305,2
3306,1
3307,3
3308,0
3309,0
3310,1
3311,0
3312,4
3313,3
3314,4
3315,1
3316,3
3317,3
3318,0
3319,1
3320,0
3321,2
3322,2
3323,0
3324,1
3325,1
3326,4
3327,0
3328,1
3329,0
3330,4
3331,2
3332,3
3333,4
3334,3
3335,2
3336,0
3337,3
3338,4
3339,1
3340,4
3341,3
3342,3
3343,1
3344,1
3345,0
3346,2
3347,1
3348,2
3349,0
3350,1
3351,3
3352,1
3353,1
3354,2
3355,0
3356,1
3357,4
3358,3
3359,2
3360,4
3361,3
3362,3
3363,0
3364,3
3365,4
3366,3
3367,2
3368,1
3369,2
3370,0
3371,0
3372,2
3373,4
3374,0
3375,0
3376,0
3377,4
3378,1
3379,0
3380,3
3381,0
3382,2
3383,2
3384,4
3385,1
3386,2
3387,3
3388,2
3389,0
3390,4
3391,1
3392,0
3393,2
3394,3
3395,1
3396,2
3397,0
3398,3
3399,0
3400,0
3401,0
3402,3
3403,4
3404,0
3405,0
3406,2
3407,4
3408,4
3409,0
3410,2
3411,4
3412,1
3413,2
3414,4
3415,4
3416,0
3417,2
3418,0
3419,0
3420,4
3421,3
3422,0
3423,2
3424,1
3425,1
3426,4
3427,0
3428,4
3429,3
3430,0
3431,4
3432,4
3433,0
3434,0
3435,1
3436,3
3437,1
3438,1
3439,2
3440,3
3441,4
3442,1
3443,3
3444,2
3445,0
3446,4
3447,1
3448,0
3449,1
3450,2
3451,4
3452,1
3453,3
3454,1
3455,1
3456,4
3457,0
3458,0
3459,2
3460,1
3461,0
3462,0
3463,0
3464,0
3465,0
3466,4
3467,2
3468,2
3469,4
3470,0
3471,1
3472,3
3473,4
3474,1
3475,0
3476,4
3477,4
3478,1
3479,3
3480,1
3481,3
3482,3
3483,2
3484,1
3485,2
3486,4
3487,0
3488,2
3489,0
3490,0
3491,1
3492,4
3493,4
3494,3
3495,1
3496,3
3497,3
3498,2
3499,3
3500,0
3501,3
3502,0
3503,0
3504,3
3505,4
3506,0
3507,3
3508,3
3509,4
3510,3
3511,2
3512,0
3513,3
3514,3
3515,4
3516,4
3517,4
3518,3
3519,4
3520,1
3521,3
3522,2
3523,1
3524,4
3525,1
3526,2
3527,2
3528,0
3529,2
3530,0
3531,3
3532,4
3533,2
3534,3
3535,4
3536,4
3537,3
3538,4
3539,1
3540,4
3541,0
3542,0
3543,2
3544,0
3545,0
3546,1
3547,3
3548,0
3549,1
3550,3
3551,4
3552,3
3553,2
3554,4
3555,0
3556,3
3557,0
3558,2
3559,3
3560,3
3561,0
3562,0
3563,1
3564,3
3565,2
3566,2
3567,1
3568,3
3569,4
3570,1
3571,0
3572,4
3573,4
3574,2
3575,0
3576,2
3577,3
3578,4
3579,2
3580,0
3581,0
3582,0
3583,3
3584,4
3585,3
3586,1
3587,0
3588,1
3589,2
3590,3
3591,3
3592,1
3593,2
3594,2
3595,4
3596,4
3597,2
3598,3
3599,3
3600,4
3601,3
3602,4
3603,0
3604,2
3605,3
3606,1
3607,4
3608,1
3609,0
3610,1
3611,4
3612,3
3613,3
3614,1
3615,0
3616,1
3617,4
3618,3
3619,3
3620,0
3621,3
3622,4
3623,2
3624,2
3625,0
3626,1
3627,1
3628,4
3629,4
3630,2
3631,3
3632,2
3633,4
3634,1
3635,4
3636,3
3637,1
3638,4
3639,4
3640,4
3641,2
3642,3
3643,4
3644,4
3645,0
3646,0
3647,4
3648,0
3649,2
3650,3
3651,0
3652,0
3653,1
3654,1
3655,3
3656,4
3657,3
3658,1
3659,4
3660,2
3661,4
3662,0
3663,1
3664,0
3665,2
3666,2
3667,0
3668,1
3669,0
3670,1
3671,3
3672,3
3673,0
3674,0
3675,1
3676,0
3677,3
3678,1
3679,1
3680,4
3681,1
3682,3
3683,0
3684,2
3685,3
3686,4
3687,2
3688,2
3689,0
3690,1
3691,1
3692,4
3693,2
3694,3
3695,0
3696,4
3697,0
3698,2
3699,2
3700,3
3701,1
3702,1
3703,0
3704,1
3705,0
3706,4
3707,0
3708,4
3709,2
3710,4
3711,4
3712,0
3713,3
3714,2
3715,2
3716,4
3717,4
3718,3
3719,1
3720,4
3721,4
3722,0
3723,1
3724,3
3725,0
3726,4
3727,0
3728,4
3729,4
3730,1
3731,0
3732,2
3733,3
3734,2
3735,0
3736,1
3737,3
3738,2
3739,1
3740,4
3741,3
3742,0
3743,2
3744,3
3745,1
3746,1
3747,0
3748,0
3749,2
3750,4
3751,0
3752,1
3753,4
3754,2
3755,2
3756,0
3757,0
3758,3
3759,1
3760,1
3761,3
3762,1
3763,3
3764,1
3765,4
3766,2
3767,2
3768,4
3769,0
3770,1
3771,4
3772,4
3773,4
3774,3
3775,4
3776,2
3777,4
3778,4
3779,4
3780,1
3781,0
3782,2
3783,0
3784,4
3785,3
3786,4
3787,3
3788,1
3789,0
3790,4
3791,1
3792,3
3793,2
3794,3
3795,4
3796,4
3797,0
3798,4
3799,0
3800,4
3801,3
3802,2
3803,3
3804,1
3805,4
3806,2
3807,3
3808,4
3809,2
3810,1
3811,3
3812,3
3813,2
3814,1
3815,2
3816,0
3817,2
3818,0
3819,3
3820,4
3821,2
3822,1
3823,3
3824,1
3825,2
3826,1
3827,3
3828,1
3829,2
3830,3
3831,0
3832,3
3833,1
3834,0
3835,3
3836,3
3837,0
3838,1
3839,1
3840,2
3841,4
3842,2
3843,0
3844,2
3845,0
3846,4
3847,3
3848,4
3849,0
3850,4
3851,1
3852,3
3853,4
3854,0
3855,4
3856,2
3857,4
3858,1
3859,2
3860,0
3861,0
3862,4
3863,3
3864,4
3865,3
3866,0
3867,0
3868,2
3869,3
3870,3
3871,3
3872,4
3873,2
3874,3
3875,2
3876,3
3877,1
3878,4
3879,0
3880,4
3881,2
3882,4
3883,2
3884,2
3885,0
3886,2
3887,3
3888,3
3889,0
3890,2
3891,1
3892,4
3893,4
3894,1
3895,3
3896,1
3897,3
3898,4
3899,2
3900,0
3901,1
3902,3
3903,0
3904,2
3905,3
3906,2
3907,3
3908,4
3909,1
3910,0
3911,3
3912,3
3913,2
3914,3
3915,1
3916,2
3917,3
3918,2
3919,4
3920,2
3921,2
3922,0
3923,2
3924,4
3925,1
3926,3
3927,3
3928,1
3929,4
3930,2
3931,4
3932,4
3933,1
3934,2
3935,2
3936,3
3937,1
3938,0
3939,2
3940,0
3941,1
3942,3
3943,4
3944,4
3945,4
3946,4
3947,2
3948,4
3949,2
3950,2
3951,3
3952,4
3953,0
3954,4
3955,3
3956,2
3957,0
3958,3
3959,2
3960,0
3961,1
3962,3
3963,2
3964,4
3965,2
3966,3
3967,4
3968,1
3969,1
3970,1
3971,1
3972,1
3973,2
3974,2
3975,2
3976,1
3977,3
3978,1
3979,4
3980,4
3981,4
3982,4
3983,3
3984,4
3985,0
3986,2
3987,0
3988,3
3989,4
3990,2
3991,1
3992,1
3993,4
3994,4
3995,4
3996,0
3997,1
3998,0
3999,2
4000,3
4001,4
4002,3
4003,2
4004,0
4005,4
4006,2
4007,1
4008,0
4009,1
4010,4
4011,2
4012,2
4013,4
4014,4
4015,2
4016,2
4017,3
4018,0
4019,1
4020,3
4021,2
4022,4
4023,0
4024,1
4025,2
4026,2
4027,3
4028,0
4029,2
4030,3
4031,2
4032,1
4033,0
4034,0
4035,2
4036,3
4037,0
4038,2
4039,0
4040,3
4041,0
4042,0
4043,0
4044,0
4045,4
4046,3
4047,4
4048,1
4049,2
4050,4
4051,4
4052,1
4053,4
4054,2
4055,4
4056,0
4057,3
4058,1
4059,0
4060,1
4061,2
4062,2
4063,3
4064,1
4065,2
4066,1
4067,1
4068,2
4069,3
4070,1
4071,1
4072,3
4073,0
4074,0
4075,2
4076,4
4077,0
4078,0
4079,2
4080,0
4081,0
4082,0
4083,1
4084,4
4085,1
4086,3
4087,0
4088,1
4089,3
4090,0
4091,2
4092,1
4093,0
4094,3
4095,3
4096,1
4097,4
4098,4
4099,3
4100,4
4101,4
4102,0
4103,3
4104,3
4105,4
4106,3
4107,2
4108,3
4109,1
4110,2
4111,1
4112,1
4113,4
4114,3
4115,2
4116,1
4117,3
4118,0
4119,3
4120,4
4121,2
4122,3
4123,0
4124,2
4125,2
4126,3
4127,2
4128,4
4129,1
4130,2
4131,3
4132,1
4133,4
4134,4
4135,2
4136,3
4137,3
4138,0
4139,3
4140,3
4141,1
4142,4
4143,0
4144,0
4145,2
4146,3
4147,1
4148,3
4149,3
4150,4
4151,0
4152,0
4153,3
4154,4
4155,2
4156,2
4157,2
4158,0
4159,3
4160,0
4161,2
4162,1
4163,4
4164,2
4165,4
4166,3
4167,2
4168,0
4169,1
4170,4
4171,3
4172,4
4173,3
4174,4
4175,2
4176,2
4177,4
4178,1
4179,1
4180,3
4181,1
4182,1
4183,1
4184,1
4185,3
4186,4
4187,0
4188,3
4189,0
4190,2
4191,2
4192,0
4193,0
4194,2
4195,1
4196,2
4197,0
4198,0
4199,0
4200,0
4201,0
4202,0
4203,4
4204,4
4205,2
4206,0
4207,0
4208,0
4209,3
4210,4
4211,1
4212,4
4213,0
4214,2
4215,0
4216,1
4217,1
4218,3
4219,1
4220,0
4221,0
4222,3
4223,0
4224,1
4225,2
4226,1
4227,2
4228,2
4229,2
4230,1
4231,4
4232,2
4233,3
4234,2
4235,2
4236,1
4237,2
4238,1
4239,2
4240,2
4241,1
4242,2
4243,2
4244,0
4245,3
4246,4
4247,4
4248,4
4249,0
4250,2
4251,4
4252,3
4253,2
4254,3
4255,1
4256,1
4257,3
4258,4
4259,0
4260,1
4261,3
4262,4
4263,0
4264,4
4265,0
4266,1
4267,0
4268,0
4269,2
4270,0
4271,2
4272,2
4273,4
4274,0
4275,1
4276,2
4277,2
4278,2
4279,3
4280,3
4281,0
4282,2
4283,4
4284,0
4285,2
4286,0
4287,1
4288,2
4289,3
4290,0
4291,3
4292,2
4293,3
4294,3
4295,4
4296,2
4297,0
4298,2
4299,3
4300,2
4301,0
4302,2
4303,2
4304,0
4305,0
4306,1
4307,3
4308,4
4309,3
4310,0
4311,0
4312,1
4313,4
4314,2
4315,0
4316,2
4317,3
4318,1
4319,1
4320,3
4321,2
4322,1
4323,3
4324,3
4325,4
4326,2
4327,0
4328,1
4329,0
4330,2
4331,0
4332,3
4333,3
4334,3
4335,4
4336,4
4337,2
4338,2
4339,2
4340,0
4341,3
4342,0
4343,4
4344,0
4345,4
4346,2
4347,4
4348,0
4349,4
4350,3
4351,0
4352,2
4353,0
4354,0
4355,0
4356,2
4357,1
4358,3
4359,2
4360,0
4361,2
4362,4
4363,4
4364,0
4365,4
4366,0
4367,1
4368,0
4369,0
4370,4
4371,4
4372,4
4373,2
4374,2
4375,3
4376,4
4377,3
4378,0
4379,3
4380,1
4381,0
4382,0
4383,4
4384,3
4385,3
4386,3
4387,1
4388,2
4389,3
4390,2
4391,3
4392,2
4393,4
4394,3
4395,2
4396,0
4397,0
4398,4
4399,0
4400,4
4401,0
4402,0
4403,4
4404,4
4405,2
4406,1
4407,4
4408,2
4409,0
4410,4
4411,4
4412,3
4413,1
4414,0
4415,1
4416,4
4417,0
4418,4
4419,4
4420,1
4421,0
4422,2
4423,0
4424,3
4425,0
4426,2
4427,4
4428,3
4429,3
4430,4
4431,4
4432,4
4433,1
4434,3
4435,0
4436,3
4437,2
4438,2
4439,4
4440,0
4441,0
4442,3
4443,1
4444,0
4445,1
4446,3
4447,1
4448,4
4449,3
4450,3
4451,2
4452,2
4453,4
4454,3
4455,1
4456,3
4457,3
4458,3
4459,2
4460,0
4461,0
4462,4
4463,1
4464,3
4465,0
4466,3
4467,1
4468,2
4469,4
4470,3
4471,3
4472,4
4473,2
4474,3
4475,0
4476,1
4477,1
4478,1
4479,1
4480,0
4481,0
4482,3
4483,0
4484,2
4485,1
4486,3
4487,3
4488,2
4489,3
4490,1
4491,1
4492,3
4493,0
4494,0
4495,4
4496,4
4497,1
4498,4
4499,3
4500,1
4501,1
4502,2
4503,1
4504,4
4505,1
4506,2
4507,1
4508,4
4509,4
4510,3
4511,3
4512,0
4513,1
4514,2
4515,0
4516,3
4517,0
4518,2
4519,0
4520,4
4521,3
4522,2
4523,3
4524,3
4525,1
4526,2
4527,3
4528,4
4529,2
4530,0
4531,1
4532,1
4533,1
4534,0
4535,2
4536,1
4537,1
4538,0
4539,4
4540,2
4541,2
4542,2
4543,3
4544,2
4545,1
4546,0
4547,1
4548,1
4549,4
4550,3
4551,2
4552,4
4553,0
4554,4
4555,4
4556,0
4557,0
4558,3
4559,0
4560,4
4561,0
4562,0
4563,2
4564,1
4565,3
4566,4
4567,1
4568,4
4569,4
4570,3
4571,2
4572,1
4573,1
4574,2
4575,0
4576,0
4577,2
4578,2
4579,0
4580,4
4581,4
4582,2
4583,1
4584,1
4585,2
4586,4
4587,4
4588,3
4589,4
4590,2
4591,1
4592,1
4593,3
4594,3
4595,4
4596,3
4597,1
4598,2
4599,2
4600,4
4601,2
4602,3
4603,1
4604,2
4605,1
4606,3
4607,0
4608,4
4609,3
4610,3
4611,3
4612,4
4613,3
4614,1
4615,3
4616,1
4617,0
4618,3
4619,3
4620,0
4621,1
4622,3
4623,4
4624,0
4625,0
4626,1
4627,4
4628,1
4629,0
4630,4
4631,2
4632,4
4633,2
4634,1
4635,1
4636,3
4637,1
4638,4
4639,1
4640,2
4641,1
4642,3
4643,3
4644,1
4645,3
4646,1
4647,3
4648,3
4649,3
4650,3
4651,4
4652,2
4653,4
4654,3
4655,1
4656,1
4657,0
4658,4
4659,1
4660,3
4661,0
4662,4
4663,3
4664,0
4665,0
4666,1
4667,1
4668,4
4669,3
4670,0
4671,3
4672,4
4673,2
4674,0
4675,3
4676,4
4677,0
4678,3
4679,1
4680,4
4681,2
4682,0
4683,2
4684,1
4685,2
4686,4
4687,1
4688,0
4689,4
4690,4
4691,2
4692,1
4693,4
4694,0
4695,4
4696,3
4697,0
4698,4
4699,2
4700,4
4701,1
4702,1
4703,1
4704,3
4705,2
4706,2
4707,3
4708,3
4709,2
4710,0
4711,0
4712,3
4713,4
4714,3
4715,4
4716,0
4717,0
4718,4
4719,0
4720,1
4721,0
4722,3
4723,0
4724,0
4725,2
4726,1
4727,1
4728,0
4729,1
4730,3
4731,4
4732,1
4733,3
4734,0
4735,3
4736,0
4737,0
4738,3
4739,1
4740,4
4741,3
4742,1
4743,3
4744,4
4745,0
4746,3
4747,1
4748,0
4749,0
4750,4
4751,2
4752,0
4753,3
4754,4
4755,4
4756,0
4757,4
4758,1
4759,0
4760,1
4761,2
4762,0
4763,1
4764,1
4765,1
4766,2
4767,4
4768,4
4769,3
4770,4
4771,1
4772,2
4773,3
4774,4
4775,2
4776,2
4777,1
4778,1
4779,2
4780,1
4781,0
4782,3
4783,1
4784,2
4785,2
4786,0
4787,3
4788,3
4789,0
4790,1
4791,1
4792,2
4793,3
4794,4
4795,0
4796,4
4797,0
4798,4
4799,3
4800,4
4801,3
4802,4
4803,0
4804,4
4805,3
4806,3
4807,1
4808,4
4809,4
4810,0
4811,4
4812,2
4813,0
4814,3
4815,2
4816,2
4817,0
4818,4
4819,4
4820,1
4821,1
4822,0
4823,0
4824,2
4825,2
4826,3
4827,3
4828,2
4829,3
4830,1
4831,4
4832,3
4833,3
4834,1
4835,2
4836,2
4837,0
4838,2
4839,1
4840,3
4841,3
4842,1
4843,4
4844,4
4845,3
4846,4
4847,1
4848,4
4849,2
4850,0
4851,3
4852,2
4853,4
4854,3
4855,1
4856,3
4857,0
4858,1
4859,0
4860,1
4861,4
4862,1
4863,3
4864,1
4865,0
4866,3
4867,0
4868,4
4869,1
4870,1
4871,3
4872,0
4873,0
4874,0
4875,4
4876,2
4877,1
4878,1
4879,2
4880,4
4881,1
4882,3
4883,4
4884,3
4885,0
4886,3
4887,4
4888,0
4889,4
4890,2
4891,1
4892,2
4893,0
4894,1
4895,0
4896,0
4897,4
4898,4
4899,4
4900,0
4901,0
4902,0
4903,3
4904,3
4905,3
4906,3
4907,3
4908,0
4909,4
4910,4
4911,1
4912,1
4913,1
4914,0
4915,1
4916,1
4917,0
4918,3
4919,1
4920,3
4921,2
4922,1
4923,3
4924,4
4925,3
4926,3
4927,1
4928,1
4929,4
4930,0
4931,2
4932,2
4933,4
4934,4
4935,1
4936,3
4937,3
4938,2
4939,2
4940,1
4941,1
4942,1
4943,4
4944,1
4945,3
4946,0
4947,0
4948,1
4949,2
4950,2
4951,3
4952,4
4953,2
4954,1
4955,4
4956,1
4957,1
4958,2
4959,3
4960,2
4961,1
4962,3
4963,0
4964,4
4965,3
4966,1
4967,3
4968,2
4969,0
4970,0
4971,0
4972,3
4973,4
4974,1
4975,3
4976,3
4977,3
4978,2
4979,0
4980,2
4981,1
4982,2
4983,2
4984,0
4985,3
4986,2
4987,2
4988,2
4989,4
4990,3
4991,3
4992,4
4993,1
4994,3
4995,1
4996,0
4997,0
4998,0
4999,4
5000,3
5001,0
5002,1
5003,3
5004,1
5005,3
5006,0
5007,3
5008,2
5009,3
5010,4
5011,0
5012,3
5013,2
5014,3
5015,4
5016,3
5017,1
5018,0
5019,4
5020,3
5021,2
5022,4
5023,2
5024,2
5025,2
5026,0
5027,4
5028,4
5029,4
5030,2
5031,3
5032,2
5033,1
5034,2
5035,0
5036,2
5037,1
5038,1
5039,0
5040,4
5041,0
5042,2
5043,4
5044,0
5045,0
5046,3
5047,4
5048,4
5049,1
5050,2
5051,4
5052,4
5053,3
5054,4
5055,0
5056,1
5057,3
5058,2
5059,1
5060,1
5061,3
5062,0
5063,4
5064,3
5065,1
5066,0
5067,4
5068,0
5069,2
5070,1
5071,0
5072,3
5073,4
5074,3
5075,4
5076,2
5077,1
5078,3
5079,1
5080,3
5081,2
5082,4
5083,0
5084,3
5085,4
5086,0
5087,0
5088,2
5089,4
5090,2
5091,3
5092,0
5093,4
5094,0
5095,2
5096,2
5097,0
5098,0
5099,2
5100,3
5101,1
5102,4
5103,0
5104,1
5105,0
5106,0
5107,3
5108,4
5109,0
5110,4
5111,1
5112,1
5113,1
5114,4
5115,1
5116,4
5117,1
5118,4
5119,3
5120,1
5121,0
5122,2
5123,1
5124,3
5125,3
5126,4
5127,1
5128,2
5129,3
5130,3
5131,2
5132,1
5133,2
5134,0
5135,4
5136,3
5137,3
5138,3
5139,0
5140,0
5141,4
5142,1
5143,1
5144,0
5145,1
5146,0
5147,0
5148,2
5149,4
5150,4
5151,3
5152,2
5153,2
5154,0
5155,1
5156,2
5157,3
5158,2
5159,3
5160,4
5161,0
5162,1
5163,2
5164,3
5165,4
5166,3
5167,0
5168,4
5169,2
5170,1
5171,3
5172,2
5173,1
5174,3
5175,4
5176,4
5177,0
5178,0
5179,1
5180,2
5181,4
5182,2
5183,0
5184,1
5185,4
5186,1
5187,2
5188,2
5189,3
5190,4
5191,2
5192,0
5193,4
5194,2
5195,3
5196,4
5197,2
5198,3
5199,0
5200,2
5201,1
5202,2
5203,1
5204,0
5205,2
5206,3
5207,3
5208,0
5209,1
5210,1
5211,2
5212,1
5213,2
5214,4
5215,3
5216,3
5217,3
5218,4
5219,3
5220,3
5221,0
5222,0
5223,2
5224,4
5225,4
5226,3
5227,4
5228,3
5229,0
5230,2
5231,1
5232,1
5233,3
5234,0
5235,3
5236,2
5237,1
5238,3
5239,4
5240,2
5241,3
5242,4
5243,0
5244,4
5245,3
5246,2
5247,0
5248,4
5249,0
5250,0
5251,3
5252,0
5253,3
5254,0
5255,4
5256,1
5257,4
5258,3
5259,2
5260,1
5261,2
5262,2
5263,0
5264,3
5265,1
5266,4
5267,2
5268,4
5269,2
5270,1
5271,2
5272,0
5273,3
5274,1
5275,1
5276,2
5277,4
5278,4
5279,2
5280,4
5281,2
5282,2
5283,0
5284,1
5285,1
5286,1
5287,2
5288,0
5289,0
5290,0
5291,2
5292,0
5293,4
5294,3
5295,4
5296,4
5297,1
5298,3
5299,3
5300,4
5301,4
5302,0
5303,4
5304,2
5305,2
5306,4
5307,1
5308,4
5309,3
5310,1
5311,1
5312,2
5313,1
5314,4
5315,0
5316,3
5317,3
5318,1
5319,3
5320,4
5321,1
5322,4
5323,4
5324,4
5325,2
5326,0
5327,0
5328,1
5329,4
5330,4
5331,4
5332,0
5333,0
5334,1
5335,1
5336,0
5337,4
5338,4
5339,1
5340,2
5341,1
5342,1
5343,3
5344,4
5345,3
5346,1
5347,4
5348,1
5349,1
5350,3
5351,2
5352,3
5353,1
5354,4
5355,2
5356,1
5357,2
5358,1
5359,4
5360,0
5361,4
5362,4
5363,4
5364,3
5365,1
5366,1
5367,2
5368,1
5369,0
5370,3
5371,2
5372,3
5373,1
5374,3
5375,3
5376,3
5377,2
5378,3
5379,4
5380,2
5381,4
5382,1
5383,3
5384,1
5385,4
5386,1
5387,0
5388,3
5389,2
5390,3
5391,3
5392,2
5393,4
5394,4
5395,3
5396,1
5397,3
5398,2
5399,2
5400,2
5401,0
5402,1
5403,1
5404,0
5405,4
5406,3
5407,1
5408,4
5409,4
5410,1
5411,1
5412,3
5413,4
5414,0
5415,4
5416,2
5417,1
5418,0
5419,3
5420,1
5421,0
5422,3
5423,1
5424,0
5425,3
5426,4
5427,3
5428,2
5429,1
5430,4
5431,3
5432,1
5433,3
5434,4
5435,1
5436,1
5437,4
5438,3
5439,4
5440,1
5441,2
5442,3
5443,2
5444,0
5445,2
5446,4
5447,4
5448,2
5449,0
5450,3
5451,3
5452,2
5453,3
5454,2
5455,0
5456,2
5457,0
5458,0
5459,0
5460,2
5461,2
5462,3
5463,2
5464,3
5465,2
5466,4
5467,1
5468,2
5469,0
5470,2
5471,2
5472,0
5473,2
5474,0
5475,3
5476,1
5477,0
5478,1
5479,3
5480,1
5481,3
5482,2
5483,1
5484,1
5485,3
5486,4
5487,4
5488,4
5489,0
5490,4
5491,4
5492,4
5493,1
5494,2
5495,1
5496,1
5497,3
5498,0
5499,0
5500,0
5501,2
5502,0
5503,2
5504,4
5505,0
5506,1
5507,1
5508,3
5509,0
5510,4
5511,3
5512,4
5513,2
5514,1
5515,4
5516,1
5517,1
5518,4
5519,3
5520,3
5521,4
5522,0
5523,0
5524,0
5525,4
5526,0
5527,4
5528,2
5529,1
5530,2
5531,0
5532,4
5533,0
5534,4
5535,1
5536,3
5537,4
5538,2
5539,0
5540,1
5541,4
5542,2
5543,4
5544,1
5545,3
5546,1
5547,4
5548,1
5549,3
5550,0
5551,2
5552,1
5553,4
5554,4
5555,1
5556,3
5557,2
5558,2
5559,0
5560,3
5561,2
5562,0
5563,3
5564,4
5565,0
5566,3
5567,4
5568,1
5569,4
5570,3
5571,1
5572,2
5573,1
5574,3
5575,3
5576,2
5577,0
5578,2
5579,2
5580,0
5581,2
5582,3
5583,0
5584,4
5585,4
5586,1
5587,3
5588,1
5589,1
5590,2
5591,3
5592,3
5593,0
5594,2
5595,0
5596,3
5597,2
5598,2
5599,4
5600,0
5601,1
5602,3
5603,2
5604,2
5605,3
5606,1
5607,2
5608,0
5609,0
5610,3
5611,4
5612,1
5613,4
5614,1
5615,1
5616,2
5617,2
5618,0
5619,2
5620,1
5621,0
5622,3
5623,0
5624,3
5625,1
5626,4
5627,0
5628,4
5629,3
5630,0
5631,2
5632,4
5633,1
